,Komoditas (Rp),01/05/2022,02/05/2022,03/05/2022,04/05/2022,05/05/2022,06/05/2022,07/05/2022,08/05/2022,09/05/2022,10/05/2022,11/05/2022,12/05/2022,13/05/2022,14/05/2022,15/05/2022,16/05/2022,17/05/2022,18/05/2022,19/05/2022,20/05/2022,21/05/2022,22/05/2022,23/05/2022,24/05/2022,25/05/2022,26/05/2022,27/05/2022,28/05/2022,29/05/2022,30/05/2022,31/05/2022,01/06/2022,02/06/2022,03/06/2022,04/06/2022,05/06/2022,06/06/2022,07/06/2022,08/06/2022,09/06/2022,10/06/2022,11/06/2022,12/06/2022,13/06/2022,14/06/2022,15/06/2022,16/06/2022,17/06/2022,18/06/2022,19/06/2022,20/06/2022,21/06/2022,22/06/2022,23/06/2022,24/06/2022,25/06/2022,26/06/2022,27/06/2022,28/06/2022,29/06/2022,30/06/2022,01/07/2022,02/07/2022,03/07/2022,04/07/2022,05/07/2022,06/07/2022,07/07/2022,08/07/2022,09/07/2022,10/07/2022,11/07/2022,12/07/2022,13/07/2022,14/07/2022,15/07/2022,16/07/2022,17/07/2022,18/07/2022,19/07/2022,20/07/2022,21/07/2022,22/07/2022,23/07/2022,24/07/2022,25/07/2022,26/07/2022,27/07/2022,28/07/2022,29/07/2022,30/07/2022,31/07/2022,01/08/2022,02/08/2022,03/08/2022,04/08/2022,05/08/2022,06/08/2022,07/08/2022,08/08/2022,09/08/2022,10/08/2022,11/08/2022,12/08/2022,13/08/2022,14/08/2022,15/08/2022,16/08/2022,17/08/2022,18/08/2022,19/08/2022,20/08/2022,21/08/2022,22/08/2022,23/08/2022,24/08/2022,25/08/2022,26/08/2022,27/08/2022,28/08/2022,29/08/2022,30/08/2022,31/08/2022,01/09/2022,02/09/2022,03/09/2022,04/09/2022,05/09/2022,06/09/2022,07/09/2022,08/09/2022,09/09/2022,10/09/2022,11/09/2022,12/09/2022,13/09/2022,14/09/2022,15/09/2022,16/09/2022,17/09/2022,18/09/2022,19/09/2022,20/09/2022,21/09/2022,22/09/2022,23/09/2022,24/09/2022,25/09/2022,26/09/2022,27/09/2022,28/09/2022,29/09/2022,30/09/2022,01/10/2022,02/10/2022,03/10/2022,04/10/2022,05/10/2022,06/10/2022,07/10/2022,08/10/2022,09/10/2022,10/10/2022,11/10/2022,12/10/2022,13/10/2022,14/10/2022,15/10/2022,16/10/2022,17/10/2022,18/10/2022,19/10/2022,20/10/2022,21/10/2022,22/10/2022,23/10/2022,24/10/2022,25/10/2022,26/10/2022,27/10/2022,28/10/2022,29/10/2022,30/10/2022,31/10/2022,01/11/2022,02/11/2022,03/11/2022,04/11/2022,05/11/2022,06/11/2022,07/11/2022,08/11/2022,09/11/2022,10/11/2022,11/11/2022,12/11/2022,13/11/2022,14/11/2022,15/11/2022,16/11/2022,17/11/2022,18/11/2022,19/11/2022,20/11/2022,21/11/2022,22/11/2022,23/11/2022,24/11/2022,25/11/2022,26/11/2022,27/11/2022,28/11/2022,29/11/2022,30/11/2022,01/12/2022,02/12/2022,03/12/2022,04/12/2022,05/12/2022,06/12/2022,07/12/2022,08/12/2022,09/12/2022,10/12/2022,11/12/2022,12/12/2022,13/12/2022,14/12/2022,15/12/2022,16/12/2022,17/12/2022,18/12/2022,19/12/2022,20/12/2022,21/12/2022,22/12/2022,23/12/2022,24/12/2022,25/12/2022,26/12/2022,27/12/2022,28/12/2022,29/12/2022,30/12/2022,31/12/2022,01/01/2023,02/01/2023,03/01/2023,04/01/2023,05/01/2023,06/01/2023,07/01/2023,08/01/2023,09/01/2023,10/01/2023,11/01/2023,12/01/2023,13/01/2023,14/01/2023,15/01/2023,16/01/2023,17/01/2023,18/01/2023,19/01/2023,20/01/2023,21/01/2023,22/01/2023,23/01/2023,24/01/2023,25/01/2023,26/01/2023,27/01/2023,28/01/2023,29/01/2023,30/01/2023,31/01/2023,01/02/2023,02/02/2023,03/02/2023,04/02/2023,05/02/2023,06/02/2023,07/02/2023,08/02/2023,09/02/2023,10/02/2023,11/02/2023,12/02/2023,13/02/2023,14/02/2023,15/02/2023,16/02/2023,17/02/2023,18/02/2023,19/02/2023,20/02/2023,21/02/2023,22/02/2023,23/02/2023,24/02/2023,25/02/2023,26/02/2023,27/02/2023,28/02/2023,01/03/2023,02/03/2023,03/03/2023,04/03/2023,05/03/2023,06/03/2023,07/03/2023,08/03/2023,09/03/2023,10/03/2023,11/03/2023,12/03/2023,13/03/2023,14/03/2023,15/03/2023,16/03/2023,17/03/2023,18/03/2023,19/03/2023,20/03/2023,21/03/2023,22/03/2023,23/03/2023,24/03/2023,25/03/2023,26/03/2023,27/03/2023,28/03/2023,29/03/2023,30/03/2023,31/03/2023,01/04/2023,02/04/2023,03/04/2023,04/04/2023,05/04/2023,06/04/2023,07/04/2023,08/04/2023,09/04/2023,10/04/2023,11/04/2023,12/04/2023,13/04/2023,14/04/2023,15/04/2023,16/04/2023,17/04/2023,18/04/2023,19/04/2023,20/04/2023,21/04/2023,22/04/2023,23/04/2023,24/04/2023,25/04/2023,26/04/2023,27/04/2023,28/04/2023,29/04/2023,30/04/2023,01/05/2023,02/05/2023,03/05/2023,04/05/2023,05/05/2023,06/05/2023,07/05/2023,08/05/2023,09/05/2023,10/05/2023,11/05/2023,12/05/2023,13/05/2023,14/05/2023,15/05/2023,16/05/2023,17/05/2023,18/05/2023,19/05/2023
0,Beras Premium,14.480,14.550,14.540,14.650,14.430,14.530,14.530,14.530,14.530,14.400,14.570,14.480,14.450,14.710,14.530,14.530,14.530,14.570,14.670,14.520,14.650,14.510,14.510,14.470,14.370,14.460,14.460,14.460,14.350,14.510,14.650,14.270,14.510,14.510,14.450,14.510,14.340,14.380,14.270,14.440,-,-,-,-,-,-,-,-,-,-,-,-,-,-,-,-,-,-,-,-,-,-,-,-,-,-,-,-,-,-,-,-,-,-,14.180,14.410,13.970,14.350,14.440,14.430,14.380,14.480,14.590,14.360,14.540,14.270,14.380,14.390,14.440,14.430,14.330,14.430,14.380,14.380,-,14.380,14.440,14.530,14.590,14.510,14.420,14.470,14.470,14.470,14.460,14.370,14.470,14.470,14.470,14.470,14.470,14.420,14.460,14.400,14.400,14.460,14.400,14.350,14.400,14.480,14.440,14.490,14.440,14.510,14.440,14.440,14.440,14.460,14.500,14.500,14.540,14.580,14.540,14.580,14.660,14.630,14.630,14.660,14.660,14.540,14.660,14.660,14.670,14.740,14.740,14.740,14.860,14.740,14.730,14.830,14.870,14.950,14.980,14.890,15.020,14.980,14.980,14.890,14.980,14.880,14.820,14.860,14.890,14.820,14.820,14.820,14.940,14.890,14.850,14.820,14.810,15.050,14.960,14.960,14.980,15.030,14.940,14.990,14.900,14.830,14.850,14.970,14.840,14.850,14.950,14.870,15.030,14.950,14.900,14.980,14.900,14.890,14.900,14.900,14.920,15.010,14.920,14.920,14.850,14.940,14.830,14.820,14.930,15.030,14.830,15.020,15.010,14.970,14.970,15.070,15.110,14.850,14.970,14.970,14.930,15.020,15.070,14.970,15.120,15.050,15.230,15.250,15.250,15.280,15.180,15.250,15.190,15.280,15.280,15.250,15.310,15.400,15.160,15.270,15.330,15.190,15.110,15.450,15.500,15.330,15.190,15.180,15.450,15.190,15.560,15.360,15.280,15.430,15.390,15.390,15.500,15.360,15.370,15.750,15.380,15.500,15.480,15.330,15.520,15.430,15.480,15.320,13.230,13.240,13.250,13.250,13.210,13.390,13.670,13.420,13.450,13.410,13.420,13.420,13.400,13.300,13.360,13.480,13.520,13.520,13.520,13.480,13.500,13.460,13.540,13.540,13.540,13.480,13.500,13.540,13.570,13.570,13.520,13.530,13.530,13.540,13.590,13.540,13.610,13.600,13.630,13.550,13.590,13.600,13.580,13.580,13.590,13.540,13.540,13.570,13.610,13.530,13.610,13.570,13.590,13.610,13.660,13.650,13.680,13.620,13.620,13.540,13.560,13.600,13.660,13.660,13.700,13.700,13.720,13.760,13.640,13.830,13.830,13.830,13.820,13.680,13.710,13.810,13.830,13.830,13.830,13.730,13.82,13.76,13.8,13.8,13.92,13.93,13.92,13.92,14.01,14.01,14.03,14.03,14.03,13.94,14.01,14.03,13.98,14.03,13.98,14.02,14.02,14.06,14.04,14.06,14.03,14.07,14.04,14.08,14.08,14.05,14.08,14.08,14.04,14.02,13.93,14.02,14.02,13.93,14.01,14.01,14.01,13.97
1,Beras Medium,12.480,12.470,12.420,12.780,12.380,12.570,12.670,12.470,12.560,12.480,12.600,12.520,12.480,12.380,12.610,12.570,12.600,12.640,12.580,12.470,12.600,12.640,12.720,12.640,12.520,12.520,12.680,12.530,12.520,12.690,12.670,12.540,12.560,12.520,12.310,12.520,12.600,12.430,12.470,12.470,-,-,-,-,-,-,-,-,-,-,-,-,-,-,-,-,-,-,-,-,-,-,-,-,-,-,-,-,-,-,-,-,-,-,12.230,12.500,12.150,12.220,12.500,12.450,12.450,12.400,12.550,12.330,12.500,12.300,12.450,12.400,12.540,12.500,12.400,12.520,12.450,12.450,-,12.500,12.450,12.560,12.530,12.520,12.480,12.550,12.550,12.550,12.520,12.490,12.540,12.550,12.630,12.630,12.630,12.510,12.560,12.550,12.640,12.670,12.500,12.450,12.510,12.560,12.540,12.590,12.630,12.630,12.720,12.650,12.650,12.750,12.790,12.750,12.750,12.790,12.820,12.850,12.840,12.880,12.820,12.840,12.840,13.020,12.840,12.750,12.870,12.840,12.840,12.850,12.860,12.890,12.950,13.030,13.030,13.030,13.070,13.030,13.180,13.070,13.070,12.990,13.160,13.110,12.990,13.040,13.030,13.020,13.020,13.020,13.170,13.160,13.060,13.130,13.000,13.190,13.280,13.130,13.140,13.130,13.140,13.230,13.060,13.030,13.070,13.240,13.170,13.130,13.220,13.080,13.080,13.080,13.090,13.260,13.090,13.120,13.180,13.130,13.150,13.330,13.260,13.190,13.160,13.230,13.230,13.320,13.250,13.430,13.130,13.210,13.230,13.230,13.190,13.300,13.300,13.240,13.240,13.240,13.240,13.240,13.330,13.260,13.400,13.180,13.270,13.270,13.270,13.300,13.230,13.270,13.210,13.300,13.300,13.320,13.440,13.370,13.300,13.220,13.310,13.300,13.230,13.430,13.490,13.400,13.300,13.200,13.440,13.300,13.540,13.390,13.440,13.470,13.380,13.380,13.470,13.410,13.340,14.000,13.510,13.470,13.510,13.460,13.650,13.460,13.510,13.220,10.700,10.940,10.820,10.940,10.900,11.150,11.270,11.110,11.230,11.190,11.130,11.130,11.080,11.060,11.040,11.080,11.080,11.080,11.150,11.000,11.060,11.020,11.110,11.130,11.040,11.250,11.130,11.120,11.100,11.100,11.060,11.210,11.210,11.100,11.090,11.090,11.060,11.220,11.080,11.030,11.110,11.080,11.130,11.090,11.310,11.210,11.010,11.280,11.180,11.180,11.090,11.250,11.080,11.150,11.120,11.120,11.090,11.060,11.130,11.300,11.160,11.170,11.320,11.170,11.080,11.170,11.360,11.300,11.060,11.290,11.290,11.290,11.490,11.280,11.170,11.290,11.290,11.370,11.370,11.230,11.37,11.5,11.33,11.61,11.74,11.74,11.92,11.74,11.74,11.75,11.76,11.76,11.76,11.66,11.64,11.94,11.93,11.79,11.64,11.82,11.75,11.79,11.83,11.83,11.8,11.98,11.73,11.98,11.99,11.71,11.74,11.74,11.74,11.7,11.59,11.75,11.74,11.63,11.8,11.98,11.87,11.83
2,Kedelai Biji Kering (Impor),13.750,13.710,14.050,13.470,13.640,13.560,13.620,13.680,13.770,13.750,13.860,13.680,13.750,13.700,13.500,13.630,13.710,13.780,13.950,13.650,13.900,13.670,13.710,13.850,13.470,13.610,13.500,13.770,13.860,13.500,13.930,13.860,14.010,13.360,13.610,13.680,13.520,13.630,13.960,13.040,-,-,-,-,-,-,-,-,-,-,-,-,-,-,-,-,-,-,-,-,-,-,-,-,-,-,-,-,-,-,-,-,-,-,13.870,13.420,13.250,13.250,13.420,13.700,13.240,13.460,13.700,13.280,13.690,13.650,13.400,13.270,13.420,13.630,13.300,13.650,13.400,13.300,-,13.300,13.420,13.440,13.570,13.380,13.410,13.330,13.400,13.480,13.810,13.400,13.430,13.510,13.500,13.510,13.540,13.480,13.850,13.410,13.480,13.510,13.440,13.390,13.450,13.590,13.440,13.540,13.440,13.520,13.330,13.440,13.440,13.440,13.620,13.620,13.580,13.690,13.580,13.620,13.760,13.490,13.580,13.760,13.660,13.630,13.660,13.530,13.490,13.630,13.490,13.670,13.490,13.660,13.630,13.660,13.900,13.820,13.920,13.820,14.200,13.900,13.900,13.890,13.850,13.730,13.900,13.740,13.630,13.810,13.810,13.810,14.190,14.110,13.970,13.840,13.830,13.940,14.030,13.840,14.100,13.770,13.740,13.940,13.840,13.930,13.930,13.970,13.820,14.150,14.470,14.060,14.060,14.060,14.300,14.710,14.340,14.300,14.470,14.390,14.390,14.780,14.500,14.390,14.340,14.430,14.420,14.780,14.590,14.900,14.400,14.510,14.590,14.510,14.430,14.790,14.870,14.530,14.530,14.530,14.510,14.510,14.860,14.550,14.580,14.630,14.570,14.390,14.390,14.470,14.490,14.380,14.450,14.630,14.630,14.370,14.810,14.800,14.630,14.490,14.610,14.580,14.450,14.580,14.820,14.590,14.490,14.500,14.910,14.510,14.850,14.150,14.470,14.570,14.490,14.560,14.510,14.540,14.510,14.250,14.340,14.490,14.420,14.310,14.700,14.450,14.500,14.410,14.270,14.280,14.340,14.680,14.330,14.210,14.350,14.210,14.640,14.260,14.100,14.110,14.390,14.480,14.420,14.450,14.450,14.450,14.260,14.490,14.170,14.560,14.270,14.330,14.410,14.820,14.640,14.500,14.540,14.640,14.560,14.910,14.900,14.500,14.410,14.530,14.430,14.770,14.490,14.470,14.500,14.480,14.560,14.560,14.610,14.720,14.470,14.710,14.360,14.650,14.400,14.730,14.420,14.520,14.440,14.480,14.470,14.470,14.520,14.630,14.390,14.370,14.230,14.350,14.470,14.350,14.710,14.630,14.350,14.460,14.460,14.360,14.730,14.730,14.260,14.320,14.280,14.380,14.380,14.300,14.34,14.71,14.46,14.38,14.46,14.46,14.62,14.28,14.5,14.5,14.5,14.42,14.5,14.41,14.4,14.75,14.63,14.39,14.33,14.42,14.34,14.25,14.33,14.35,14.31,14.5,14.43,14.59,14.59,14.43,14.35,14.35,14.35,14.31,14.3,14.31,14.31,14.24,14.31,14.54,14.35,14.39
3,Bawang Merah,42.270,42.540,41.530,41.030,39.430,40.670,40.050,39.210,39.410,42.690,41.030,40.530,41.370,43.270,42.250,41.870,42.200,41.790,44.320,42.380,44.800,42.160,42.190,42.870,42.910,43.030,42.080,42.850,41.920,45.310,45.550,46.330,46.940,46.910,44.980,45.290,48.050,47.580,46.960,46.770,-,-,-,-,-,-,-,-,-,-,-,-,-,-,-,-,-,-,-,-,-,-,-,-,-,-,-,-,-,-,-,-,-,-,50.930,51.060,49.140,48.110,49.650,49.640,48.920,49.440,48.990,48.630,49.580,48.130,46.040,44.720,45.270,42.740,41.830,41.640,41.090,41.920,-,40.520,40.780,39.450,37.550,38.620,37.600,37.080,37.600,37.650,35.330,35.930,34.980,33.830,34.740,36.270,33.890,33.900,32.500,32.150,32.700,32.510,34.370,33.770,33.370,32.570,32.740,33.800,33.280,32.550,32.510,31.800,30.990,31.800,30.640,31.820,32.260,32.180,32.080,32.150,32.570,31.950,31.930,31.980,32.510,34.620,33.680,33.290,33.010,32.750,32.670,33.710,33.870,33.720,34.770,34.230,33.610,33.480,33.870,33.020,32.120,32.710,33.030,33.540,33.500,34.550,33.720,32.970,33.820,32.860,33.610,32.460,33.670,33.080,34.050,33.420,33.580,33.380,33.530,32.950,32.630,32.730,33.560,33.720,34.180,34.210,33.380,32.950,32.550,33.200,32.520,32.560,32.340,32.630,31.910,31.740,31.610,31.960,31.970,31.950,31.900,31.160,30.700,31.300,32.420,31.450,32.300,32.110,31.960,31.390,31.610,30.870,31.180,31.670,31.330,31.000,31.780,30.750,30.380,30.370,30.410,30.110,29.720,30.290,30.350,29.820,29.940,28.900,29.160,30.020,30.750,30.200,29.320,29.670,29.390,29.510,29.100,29.950,29.490,30.210,29.600,29.910,30.910,31.780,30.860,30.090,30.330,30.140,29.290,30.240,29.790,30.690,29.380,29.710,30.110,30.530,30.630,31.380,32.230,30.550,36.780,36.860,36.030,36.560,37.890,37.030,36.790,37.040,36.090,35.030,36.070,36.180,36.050,35.240,37.640,36.050,35.930,35.330,36.440,36.200,36.220,35.380,34.960,34.780,35.510,36.550,36.640,37.090,35.980,36.600,36.980,36.910,36.830,35.950,35.780,36.550,36.320,35.840,35.790,35.230,35.810,35.840,35.570,35.720,34.850,35.420,34.900,35.100,33.800,34.030,33.960,33.490,34.190,33.510,34.230,33.330,32.000,33.250,33.120,32.800,32.240,32.790,33.180,32.840,32.480,32.660,32.790,33.260,33.230,33.740,33.110,33.730,33.520,33.590,33.100,32.880,32.860,32.310,31.950,31.900,31.540,30.990,31.440,30.990,30.150,30.070,30.010,30.280,30.98,30.63,30.6,29.88,29.99,30.77,30.51,31.16,29.85,30.51,29.45,30.13,31.86,33.53,32.86,32.13,32.75,32.87,32.83,32.43,32.28,32.73,32.39,33.35,33.83,33.72,33.65,33.99,33.6,33.93,32.97,33.13,33.54,33.03,34.06,32.72,32.48,32.91,32.36,31.25,30.83,30.79
4,Bawang Putih Bonggol,30.160,30.670,30.470,30.190,29.530,29.640,29.390,29.300,28.860,29.540,29.210,28.990,28.850,27.790,28.390,27.870,27.790,27.790,27.490,27.210,27.850,27.310,27.140,26.890,27.470,26.860,26.390,27.510,27.550,27.060,26.140,26.700,26.230,26.000,26.550,26.150,26.570,26.570,26.440,25.690,-,-,-,-,-,-,-,-,-,-,-,-,-,-,-,-,-,-,-,-,-,-,-,-,-,-,-,-,-,-,-,-,-,-,24.640,24.840,23.430,22.030,23.610,23.560,23.880,24.070,23.820,24.320,23.780,24.190,24.540,24.670,24.400,24.040,24.670,24.920,24.570,24.670,-,23.940,23.760,24.360,23.240,24.110,23.880,24.060,23.620,24.020,23.030,23.740,23.770,23.850,23.890,24.020,23.650,23.790,23.680,23.490,23.470,23.360,23.540,23.600,23.440,23.400,23.690,23.500,23.430,23.510,23.530,23.770,23.770,23.860,23.360,23.760,24.010,23.710,23.850,23.510,23.640,24.000,24.090,24.440,24.590,24.440,25.280,24.850,25.010,24.690,24.570,24.600,24.400,24.140,24.400,24.350,24.430,24.520,24.600,24.160,24.160,24.270,24.350,24.010,24.280,24.620,24.380,24.110,24.730,24.760,24.520,25.120,24.460,24.380,24.380,23.700,23.820,23.730,23.760,23.820,23.700,23.980,24.140,24.040,24.090,23.580,23.690,23.620,24.040,23.970,23.680,23.700,23.190,23.110,23.540,23.820,23.780,23.680,23.730,23.390,23.140,23.390,22.990,23.060,23.740,22.950,23.230,23.320,23.410,23.290,22.870,23.580,23.430,24.220,24.890,24.650,25.040,23.400,23.660,23.390,23.270,23.100,23.220,23.350,23.640,23.470,23.520,23.340,22.980,23.380,23.590,23.060,23.070,23.630,23.570,23.070,23.660,23.410,23.510,24.630,24.400,24.330,24.730,25.170,25.340,24.970,25.050,25.080,25.560,24.680,25.080,24.970,25.060,25.130,25.100,24.870,24.870,25.050,25.020,24.980,25.470,25.330,25.130,25.380,25.610,25.510,25.350,25.470,25.420,25.310,25.420,25.600,25.790,25.700,25.410,25.890,25.800,26.140,25.660,25.740,25.570,25.410,25.410,24.480,25.410,26.000,25.740,25.550,25.840,25.920,25.760,25.600,25.810,25.940,25.940,25.960,25.860,25.970,25.860,26.210,26.210,26.140,26.140,26.290,26.420,26.530,26.570,27.240,27.100,27.630,27.240,27.660,28.220,27.380,27.190,27.380,28.230,27.700,27.930,28.680,29.260,28.980,29.380,30.050,30.250,29.540,29.580,29.900,29.500,29.360,29.330,29.240,29.440,29.550,29.420,29.360,28.690,29.410,29.770,30.060,29.700,29.140,28.950,29.190,29.030,28.940,28.900,28.800,28.9,28.4,28.88,29.09,29.37,29.17,29.23,29.2,29.36,28.99,29.07,29.41,30.4,29.84,29.92,30.59,30.52,30.35,30.24,31.0,30.27,31.32,31.17,30.95,31.94,32.1,31.59,32.45,32.0,30.84,31.15,32.37,32.97,32.32,33.46,33.1,32.39,32.75,33.18,33.79,33.62,32.91
5,Cabai Merah Keriting,41.570,41.980,41.500,45.010,40.870,43.090,41.890,42.300,40.600,37.650,35.760,34.440,33.310,34.410,34.970,34.490,34.010,34.800,35.060,34.050,38.190,38.240,39.420,39.500,38.850,41.470,41.680,43.150,42.110,49.030,54.780,53.260,60.690,59.730,57.820,58.120,61.370,62.530,62.890,68.800,-,-,-,-,-,-,-,-,-,-,-,-,-,-,-,-,-,-,-,-,-,-,-,-,-,-,-,-,-,-,-,-,-,-,108.860,110.710,104.150,110.180,102.500,102.960,95.000,96.490,97.640,96.960,97.560,89.850,89.890,88.730,89.770,91.510,89.620,92.330,88.430,87.500,-,86.490,87.980,86.480,88.670,82.600,82.320,83.210,82.310,81.680,78.670,73.300,74.410,67.810,64.630,66.590,68.600,69.690,71.120,68.780,68.070,69.370,70.110,68.500,69.370,70.510,80.010,81.730,82.320,82.610,81.130,83.760,89.460,96.160,102.160,100.680,98.860,98.940,97.530,94.230,83.710,80.220,75.650,73.240,75.380,72.590,69.390,71.180,70.690,68.530,68.170,67.490,66.130,67.380,62.140,60.010,60.010,58.500,57.910,56.810,53.530,54.950,51.800,52.060,52.860,53.150,52.790,54.800,57.690,57.730,60.800,62.680,60.650,59.570,60.800,53.610,55.510,56.670,52.410,51.940,48.490,42.890,45.700,44.530,45.180,42.710,39.200,38.290,40.430,39.310,38.460,39.250,39.200,38.450,35.680,34.980,34.660,36.100,37.110,35.940,35.780,34.550,34.090,34.340,36.490,35.070,36.860,37.660,38.960,40.590,42.280,41.950,42.880,44.570,44.530,42.560,42.880,42.170,41.140,41.460,41.520,41.510,40.900,41.470,41.590,41.130,41.670,42.510,43.720,44.880,44.420,47.510,46.170,48.500,48.610,48.580,50.340,50.680,48.490,50.570,51.330,52.090,55.570,55.160,55.210,50.430,48.070,46.580,45.840,48.480,43.720,42.640,42.910,47.620,49.040,48.720,47.340,47.200,46.890,44.930,46.490,46.350,46.240,47.380,46.870,46.150,44.950,45.050,45.210,44.890,44.420,44.650,46.390,47.220,47.580,47.990,48.370,46.110,47.680,49.410,57.720,57.000,57.980,55.080,55.970,58.480,58.110,57.820,54.780,54.100,54.230,53.440,53.150,52.510,51.390,50.110,48.890,49.220,48.740,50.750,50.010,52.210,52.060,54.280,56.930,54.030,55.490,55.920,56.140,56.290,55.520,55.590,54.470,54.770,53.010,51.210,50.230,48.610,48.240,48.460,47.930,49.040,48.910,48.670,49.660,47.700,47.940,48.820,46.970,46.910,46.870,48.190,46.830,46.680,46.300,48.210,45.870,44.250,43.210,42.740,38.430,36.680,37.120,37.150,36.310,35.570,35.360,35.440,35.02,36.22,35.33,34.35,34.43,34.81,33.91,35.52,35.93,36.47,36.26,38.14,39.15,39.59,39.12,39.24,39.91,39.9,38.21,37.37,35.0,32.5,31.25,32.12,29.92,29.57,31.05,28.87,28.68,29.01,28.5,29.31,28.58,28.25,28.78,27.98,28.37,27.55,27.78,28.1,28.29,28.23
6,Cabai Rawit Merah,45.000,45.000,45.000,45.000,44.500,45.000,40.000,43.990,41.350,56.860,57.730,57.730,57.730,65.380,45.000,43.990,45.000,43.990,46.480,42.990,57.970,43.470,60.000,60.000,60.000,49.190,49.750,52.000,49.750,45.550,69.930,68.440,69.930,60.000,68.680,68.680,70.180,73.990,67.080,90.000,-,-,-,-,-,-,-,-,-,-,-,-,-,-,-,-,-,-,-,-,-,-,-,-,-,-,-,-,-,-,-,-,-,-,101.000,97.190,95.240,120.000,93.810,93.810,96.700,93.810,93.810,110.000,90.830,110.000,92.630,79.840,81.420,82.460,85.000,85.000,85.000,85.000,-,82.460,81.420,85.000,79.840,75.000,77.460,77.460,77.460,71.140,72.110,71.200,71.200,71.200,71.200,69.820,73.890,70.000,67.450,70.000,62.050,62.050,62.050,62.050,64.230,62.050,59.160,72.460,72.460,72.460,50.320,64.810,67.080,63.870,64.810,64.810,63.870,64.810,60.000,62.450,63.870,62.450,62.450,58.480,63.870,60.000,60.000,62.450,60.000,61.400,61.620,62.450,62.450,62.450,61.400,62.450,61.400,62.450,62.450,67.450,63.870,65.000,50.990,62.450,51.380,40.000,60.000,62.450,65.000,62.450,62.450,62.450,62.450,62.450,62.450,55.000,57.450,55.000,52.440,55.000,46.900,43.870,50.000,44.720,43.820,43.820,44.810,45.000,47.620,47.620,43.470,52.140,50.950,51.750,47.620,42.430,46.810,45.750,45.750,43.800,30.370,37.950,40.000,43.090,46.260,45.790,44.480,40.000,40.000,40.000,44.210,48.110,48.760,48.400,47.020,41.350,42.430,47.620,45.790,46.540,46.540,45.790,40.000,45.790,46.540,45.790,49.320,50.920,49.320,53.830,53.130,53.130,53.130,52.410,52.410,54.770,52.440,52.440,54.850,54.850,56.460,56.460,62.450,54.680,61.400,59.860,54.850,53.130,55.500,55.570,52.440,54.850,56.960,56.620,62.690,62.690,64.540,62.140,64.150,-,67.240,64.310,65.070,68.920,62.450,60.090,55.930,55.930,55.930,55.930,55.180,50.000,53.130,55.930,57.740,58.090,52.920,58.090,60.370,66.040,69.520,62.140,62.140,58.480,59.310,62.140,62.960,59.250,53.180,49.320,52.850,54.850,56.460,54.770,57.210,52.840,52.880,52.410,52.410,60.000,55.500,62.860,59.600,61.480,61.360,54.230,61.480,56.620,46.880,54.430,56.960,60.000,58.280,60.000,52.410,60.000,55.670,59.330,58.210,56.460,58.210,53.050,60.000,60.000,57.010,63.090,63.090,66.040,64.470,61.730,56.460,62.670,61.730,63.090,64.150,62.790,64.150,61.730,63.090,61.020,61.360,54.710,54.790,55.700,55.440,58.260,55.440,53.130,52.84,54.51,51.6,51.6,50.97,51.6,54.51,56.09,56.09,53.35,51.8,54.47,52.68,54.47,54.47,54.29,56.46,56.09,53.91,52.68,49.82,44.5,44.5,45.83,44.5,43.8,42.81,43.8,41.89,48.49,43.78,44.69,42.95,41.7,41.51,42.27,42.81,42.81,45.01,45.01,44.09,45.27
7,Daging Sapi Murni,162.250,158.580,154.750,157.220,155.340,156.270,156.270,153.450,152.330,153.450,150.290,150.850,151.320,148.940,149.360,149.240,149.360,147.760,146.690,145.070,145.760,147.460,147.400,147.400,145.940,147.750,148.140,146.720,147.080,145.760,147.140,144.880,148.470,146.890,147.080,149.900,145.540,147.600,147.470,151.540,-,-,-,-,-,-,-,-,-,-,-,-,-,-,-,-,-,-,-,-,-,-,-,-,-,-,-,-,-,-,-,-,-,-,148.550,145.890,148.340,148.340,145.890,146.490,143.560,144.910,144.990,142.370,143.960,149.780,143.560,145.890,145.390,146.490,145.030,144.550,145.490,145.490,-,145.350,145.280,145.720,145.880,145.230,143.160,144.480,144.470,144.470,143.940,143.560,144.440,144.440,144.610,144.610,144.610,143.290,143.620,144.610,144.610,144.610,144.610,143.290,144.610,145.040,144.610,144.610,144.610,144.610,144.610,144.610,144.610,144.610,144.610,144.610,143.290,144.610,143.290,144.610,144.610,143.290,143.290,144.610,144.610,145.040,145.450,145.450,144.190,145.450,145.450,145.450,145.040,145.450,144.190,145.450,145.450,144.610,145.450,145.450,145.040,145.450,146.280,148.940,146.280,146.560,146.280,145.450,145.950,145.450,145.450,145.450,145.950,145.950,144.190,144.770,145.040,145.040,144.190,145.450,145.040,143.620,145.950,145.450,145.450,145.950,145.450,145.550,145.040,145.950,145.040,145.450,145.450,144.610,145.010,145.250,145.980,143.370,145.140,145.580,145.580,145.250,144.770,145.580,145.180,145.580,143.780,146.360,146.100,145.440,144.780,144.330,144.800,145.630,145.630,146.770,145.850,146.030,146.030,145.630,145.630,144.800,146.260,145.680,146.820,146.260,146.030,146.030,146.030,145.680,146.260,146.030,146.590,145.240,145.420,144.380,146.720,146.970,146.100,147.020,145.630,145.240,145.780,146.970,146.260,146.030,145.240,145.320,147.810,147.080,149.850,147.020,146.530,146.420,146.420,146.420,146.250,145.920,146.660,154.920,145.920,146.250,146.250,146.720,147.460,145.680,147.210,147.210,149.820,148.060,148.060,147.880,148.060,148.060,148.060,148.060,147.460,148.060,148.060,148.060,147.730,147.260,147.260,146.420,147.260,146.420,146.420,145.240,146.420,146.420,146.420,146.010,146.010,146.560,146.010,146.010,146.010,146.010,146.100,146.560,146.220,146.010,146.010,146.010,145.650,146.560,146.010,144.800,146.010,146.010,146.010,146.010,146.560,146.560,145.650,146.560,146.010,146.220,146.250,146.840,145.920,146.420,146.250,146.250,145.920,145.070,146.250,146.840,147.160,147.160,148.010,150.150,150.640,149.830,148.880,148.690,147.740,148.440,148.440,148.440,149.150,148.190,147.430,149.240,149.240,149.240,149.240,148.300,149.24,150.11,149.24,149.24,149.24,149.24,150.11,149.24,149.24,151.9,154.28,155.88,159.23,162.99,158.46,155.0,154.91,156.21,154.21,154.69,152.57,150.07,150.07,149.26,150.12,148.87,149.81,149.2,148.87,146.85,148.16,148.16,146.91,146.5,145.33,146.07,146.07,145.33,148.14,147.1,146.5,147.1
8,Daging Ayam Ras,40.370,42.510,41.040,38.070,39.340,39.930,38.900,38.140,37.730,38.090,37.700,37.490,36.740,38.830,36.140,35.530,36.430,35.620,35.510,34.060,34.750,34.310,33.820,33.640,33.750,32.620,32.430,31.140,32.730,30.890,28.900,30.450,29.660,29.720,30.070,29.850,30.260,31.030,32.100,30.630,-,-,-,-,-,-,-,-,-,-,-,-,-,-,-,-,-,-,-,-,-,-,-,-,-,-,-,-,-,-,-,-,-,-,31.570,30.660,32.700,32.020,30.550,29.380,29.700,29.780,28.800,29.650,28.530,30.330,29.760,29.620,29.500,28.560,28.940,27.920,28.570,28.580,-,28.410,27.500,27.910,27.330,26.950,27.130,27.450,27.510,27.060,26.660,27.270,26.770,27.030,27.450,27.860,28.090,27.890,28.150,28.910,28.820,29.760,30.170,30.840,30.380,30.190,29.700,29.990,29.740,29.070,29.270,29.230,29.200,29.090,28.590,28.710,28.040,27.630,26.730,27.320,27.800,27.430,27.620,27.860,28.170,28.130,28.350,28.460,28.720,28.090,27.640,28.670,28.550,28.410,28.320,28.120,28.220,28.050,27.740,27.510,27.310,26.830,26.560,26.880,25.890,26.540,25.930,25.850,26.480,25.840,25.810,26.050,25.880,26.000,26.250,26.000,26.680,26.030,26.770,26.820,26.520,25.680,27.360,26.860,26.780,27.900,27.500,27.810,27.510,27.550,27.780,27.720,27.690,27.750,28.110,28.140,28.250,28.300,27.820,27.900,27.930,28.120,28.160,28.310,28.310,28.450,28.540,29.280,29.020,29.250,29.620,29.280,28.980,28.910,29.280,30.020,30.020,29.730,30.160,30.270,30.270,30.670,30.790,30.500,29.990,31.180,31.170,30.790,30.980,30.800,31.370,30.740,31.420,30.710,30.940,32.380,31.770,32.720,31.310,31.690,31.370,31.280,32.400,33.480,33.970,33.470,34.970,34.140,35.330,35.350,36.700,36.510,35.190,35.050,35.030,33.680,34.300,34.670,33.520,38.540,33.970,33.240,33.060,33.360,33.190,32.690,31.290,30.700,30.780,30.820,30.480,30.130,29.730,29.100,29.160,28.830,28.390,28.460,27.490,27.620,27.710,27.730,27.770,27.810,27.870,27.660,27.500,27.320,27.880,27.710,28.030,27.990,27.990,28.490,28.120,28.480,28.670,28.910,28.780,29.260,29.160,29.290,28.960,29.430,28.790,29.240,28.820,28.980,28.710,28.910,28.890,28.660,29.090,28.790,29.080,29.790,29.040,30.030,29.750,29.930,28.520,29.220,29.420,29.930,29.530,29.860,30.450,30.710,30.190,30.220,30.760,31.410,30.970,30.720,31.050,31.050,31.130,29.970,30.270,30.110,30.350,30.130,29.130,28.940,28.650,28.580,28.260,27.610,27.95,27.96,26.43,26.8,26.96,27.19,28.19,27.77,27.3,27.88,28.8,28.96,29.98,30.3,28.4,31.24,31.43,30.37,30.53,30.58,30.3,30.65,30.85,30.66,30.57,30.78,30.86,30.36,30.53,29.92,29.99,31.06,30.76,31.36,32.18,32.2,32.27,33.11,34.18,35.0,33.71,34.79
9,Telur Ayam Ras,25.520,26.330,26.200,25.350,25.020,25.000,25.220,25.130,24.950,24.780,24.850,24.610,24.650,24.890,24.600,24.600,24.440,24.510,24.760,24.530,24.680,24.600,24.920,24.920,25.400,25.690,25.550,26.070,25.790,25.300,25.380,25.930,25.460,25.110,24.720,25.130,25.990,25.770,25.930,25.610,-,-,-,-,-,-,-,-,-,-,-,-,-,-,-,-,-,-,-,-,-,-,-,-,-,-,-,-,-,-,-,-,-,-,25.170,25.270,25.060,25.090,25.370,24.970,25.380,24.630,25.100,24.850,25.230,24.860,25.750,24.980,25.120,25.230,25.260,25.480,25.140,25.230,-,25.130,25.010,25.000,24.860,25.120,25.450,25.150,25.210,25.030,26.230,26.400,26.390,26.660,26.780,26.720,26.810,27.340,27.490,26.830,26.760,26.960,26.870,27.320,27.400,27.390,27.330,27.920,27.960,27.920,27.720,27.680,27.760,27.680,27.780,27.820,27.950,27.210,27.910,27.140,27.030,27.400,27.430,26.890,26.670,26.750,26.590,26.640,26.450,26.460,26.280,26.270,25.970,26.140,26.540,25.990,25.800,25.740,25.590,25.540,25.050,25.320,25.250,25.130,25.350,25.570,25.190,25.210,25.390,24.910,25.030,25.010,24.580,24.580,25.370,24.920,24.770,24.820,25.340,25.080,24.470,25.220,24.920,24.790,24.820,24.330,24.640,24.480,24.850,24.500,24.220,24.370,24.520,24.170,24.140,24.410,24.100,24.440,24.350,24.340,24.390,24.780,25.020,24.740,24.800,24.960,25.530,25.230,25.200,25.840,25.640,26.010,25.570,25.620,25.720,25.970,26.000,26.140,26.270,26.300,26.540,26.560,26.570,26.920,26.550,27.490,26.860,26.650,26.840,27.570,27.020,27.210,26.940,27.620,27.620,27.350,27.300,27.840,27.080,27.070,27.120,27.150,27.640,28.150,28.450,27.580,27.720,27.280,27.630,27.820,27.860,27.620,27.790,27.680,27.790,27.750,27.680,27.480,27.680,26.790,27.540,27.710,27.710,27.920,27.870,28.000,27.830,27.260,27.310,27.290,27.200,26.920,26.970,26.920,26.830,26.800,26.590,26.760,26.420,26.440,26.510,26.670,26.550,26.560,26.590,26.510,26.400,26.660,25.920,25.940,25.920,25.720,25.940,25.670,25.710,25.710,25.640,25.590,25.540,25.570,25.380,25.160,25.090,25.050,25.060,24.950,25.030,25.280,25.030,24.910,24.910,25.020,25.040,24.880,25.160,24.620,24.320,24.590,24.740,24.810,24.780,24.870,25.100,25.270,25.050,25.460,25.080,25.060,25.450,25.540,25.700,25.930,25.940,25.850,25.890,26.130,27.150,26.350,26.240,26.280,26.140,26.630,26.240,26.210,26.290,26.290,26.170,26.570,26.16,26.18,25.95,25.99,25.81,25.93,25.89,25.82,25.8,25.87,25.82,25.86,26.12,26.6,26.43,26.19,25.96,26.09,26.32,25.83,25.93,25.9,25.86,25.82,25.54,25.62,25.72,25.6,25.6,25.7,25.54,25.52,25.52,25.55,25.88,25.85,25.91,26.74,26.58,26.73,26.79,27.45
10,Gula Konsumsi,14.660,14.550,14.700,14.480,14.530,14.640,14.640,14.580,14.630,14.650,14.530,14.490,14.580,14.230,14.330,14.340,14.310,14.440,14.430,14.610,14.270,14.490,14.350,14.350,14.290,14.210,14.220,14.130,14.110,14.330,14.320,13.960,14.200,14.480,14.080,14.240,14.210,14.270,14.190,14.150,-,-,-,-,-,-,-,-,-,-,-,-,-,-,-,-,-,-,-,-,-,-,-,-,-,-,-,-,-,-,-,-,-,-,14.110,14.230,14.080,14.290,14.230,14.090,14.290,14.170,14.210,14.200,14.320,14.340,14.350,14.230,14.290,13.950,14.250,14.290,14.250,14.250,-,14.250,14.270,14.250,14.090,14.290,14.370,14.350,14.350,14.290,14.300,14.410,14.280,14.370,14.380,14.380,14.360,14.400,14.340,14.370,14.370,14.370,14.370,14.400,14.370,14.310,14.370,14.370,14.370,14.370,14.370,14.370,14.370,14.370,14.370,14.370,14.360,14.330,14.400,14.370,14.330,14.330,14.360,14.240,14.330,14.270,14.200,14.240,14.270,14.240,14.240,14.240,14.270,14.240,14.310,14.240,14.310,14.290,14.240,14.260,14.190,14.150,14.110,14.070,14.110,14.130,14.150,14.150,14.120,14.110,14.150,14.110,14.030,14.030,14.120,14.110,14.070,14.020,14.120,14.110,14.070,14.210,14.120,14.110,14.110,14.120,14.110,14.030,14.120,14.120,14.040,14.140,14.140,14.050,14.160,14.090,14.190,14.220,14.150,14.070,14.070,14.080,14.120,14.070,14.070,14.070,14.080,14.160,14.130,14.200,14.150,14.130,14.120,14.120,14.120,14.130,14.220,14.200,14.200,14.200,14.200,14.200,14.340,14.310,14.290,14.240,14.370,14.370,14.370,14.400,14.340,14.370,14.160,14.300,14.300,14.260,14.280,14.260,14.250,14.200,14.290,14.280,14.280,14.260,14.360,14.230,14.250,14.200,14.380,14.250,14.140,14.210,14.250,14.220,14.220,14.220,14.220,14.280,14.220,13.920,14.180,14.200,14.200,14.190,14.220,14.220,14.280,14.280,14.260,14.280,14.280,14.310,14.280,14.280,14.230,14.280,14.350,14.200,14.240,14.240,14.280,14.340,14.260,14.260,14.260,14.260,14.260,14.280,14.170,14.260,14.180,14.260,14.260,14.240,14.300,14.300,14.300,14.300,14.300,14.340,14.330,14.300,14.340,14.340,14.370,14.460,14.340,14.370,14.350,14.270,14.230,14.270,14.270,14.310,14.260,14.350,14.320,14.290,14.340,14.330,14.370,14.300,14.300,14.300,14.420,14.420,14.300,14.330,14.300,14.320,14.280,14.320,14.280,14.280,14.310,14.390,14.260,14.260,14.260,14.340,14.210,14.310,14.280,14.260,14.260,14.260,14.260,14.280,14.3,14.32,14.29,14.29,14.33,14.41,14.45,14.41,14.41,14.41,14.49,14.41,14.41,14.36,14.38,14.45,14.49,14.41,14.36,14.41,14.41,14.49,14.41,14.41,14.39,14.34,14.34,14.34,14.34,14.38,14.37,14.37,14.37,14.37,14.4,14.34,14.37,14.4,14.37,14.49,14.54,14.49
11,Minyak Goreng Kemasan Sederhana,23.730,23.510,23.600,23.680,23.640,23.640,23.640,23.760,23.480,23.200,23.110,22.800,23.040,23.090,22.940,23.120,22.900,23.070,23.430,23.290,23.510,22.910,23.280,23.370,22.950,22.510,22.630,22.460,22.450,22.950,22.940,22.570,22.860,22.690,22.290,22.770,22.690,22.320,22.440,22.860,-,-,-,-,-,-,-,-,-,-,-,-,-,-,-,-,-,-,-,-,-,-,-,-,-,-,-,-,-,-,-,-,-,-,20.880,21.270,20.960,20.210,20.310,20.890,20.470,21.070,20.110,20.460,20.210,20.650,20.060,20.540,20.390,20.390,20.230,19.810,20.400,20.300,-,19.910,19.560,18.820,18.980,19.520,19.380,19.260,19.370,19.260,18.510,19.040,19.130,19.120,19.120,19.180,19.130,19.070,18.690,18.910,19.480,18.930,18.930,18.720,18.770,18.510,18.320,18.290,18.290,17.660,18.330,18.210,18.260,18.450,18.340,18.520,18.550,19.430,19.160,19.200,19.020,18.780,18.780,18.950,18.890,18.680,18.980,18.790,18.990,18.710,18.840,18.830,18.610,18.350,18.440,18.590,18.810,18.450,18.450,18.570,18.140,18.670,18.570,17.820,18.500,18.260,18.500,18.460,18.410,18.540,18.540,18.540,18.250,18.330,18.290,18.110,18.120,17.720,18.210,18.220,17.850,18.730,17.980,18.060,17.850,18.120,18.110,17.790,18.050,17.960,17.660,17.540,17.500,17.230,17.160,17.310,17.210,17.330,17.310,17.380,17.220,17.680,17.500,17.220,17.420,17.470,17.400,17.090,17.590,17.750,17.560,17.600,17.350,17.350,17.350,17.580,17.580,17.350,17.350,17.350,17.360,17.360,17.290,17.580,17.440,17.440,17.020,17.460,17.460,17.800,17.750,17.730,17.420,17.810,17.890,18.010,17.420,17.820,17.180,17.410,17.470,17.180,16.920,17.970,17.980,17.470,17.250,16.450,17.990,17.250,17.730,17.100,17.250,17.760,17.760,17.430,16.480,16.460,16.510,15.580,16.150,16.480,16.650,16.230,16.520,16.520,16.560,16.380,15.970,16.020,16.060,16.220,16.230,16.160,16.300,16.400,16.180,16.310,16.310,16.220,16.310,16.380,16.260,16.260,16.340,16.180,16.210,16.120,16.380,16.380,16.380,16.380,16.350,16.630,16.550,16.640,16.630,16.530,16.610,16.850,16.750,16.580,16.610,16.360,16.910,16.650,16.530,16.470,16.350,16.390,16.270,16.250,16.020,16.390,15.980,16.370,16.430,16.670,16.520,16.510,16.390,16.400,16.380,16.380,16.480,16.290,16.380,16.510,16.380,16.380,16.500,16.500,16.500,16.290,16.590,16.740,16.440,16.360,16.360,16.400,16.450,16.350,16.190,16.010,16.180,16.180,16.180,16.110,16.18,16.29,16.19,16.19,16.19,16.19,16.42,16.19,16.19,16.19,16.19,16.3,16.21,16.14,16.27,16.33,15.97,16.21,16.14,16.25,16.25,16.25,16.25,16.25,16.37,16.5,16.15,16.5,16.5,16.45,16.34,16.34,16.34,16.34,16.28,16.34,16.34,16.1,16.19,16.3,16.19,15.96
12,Tepung Terigu (Curah),10.660,10.690,10.280,10.300,10.690,10.650,10.740,10.660,10.570,10.410,10.610,10.660,10.380,10.400,10.730,10.380,10.510,10.470,10.220,10.680,9.760,10.470,10.610,10.510,10.800,10.560,10.690,10.530,10.560,10.290,10.140,10.280,10.380,10.740,10.160,10.550,10.420,10.550,10.280,9.960,-,-,-,-,-,-,-,-,-,-,-,-,-,-,-,-,-,-,-,-,-,-,-,-,-,-,-,-,-,-,-,-,-,-,10.580,10.940,11.030,10.410,10.920,10.740,11.160,10.850,10.810,10.090,10.550,10.530,11.160,10.650,10.860,10.740,10.840,10.960,11.050,10.940,-,10.860,11.000,10.880,10.450,10.940,11.130,11.110,11.020,11.050,11.210,11.090,11.000,11.030,10.980,11.150,10.980,11.080,11.210,11.080,11.050,10.890,10.890,10.940,10.880,10.960,10.890,10.890,10.890,10.980,11.030,10.940,11.060,10.920,11.110,11.110,11.470,11.170,11.480,11.150,11.580,11.740,11.740,11.580,11.760,11.560,11.750,11.760,11.820,11.760,11.750,11.750,11.640,11.660,11.940,11.750,11.750,11.750,11.750,11.710,11.680,11.660,11.620,11.650,11.660,11.370,11.660,11.590,11.590,11.620,11.660,11.660,11.630,11.630,11.830,11.620,11.720,11.500,11.780,11.660,11.590,11.880,11.590,11.540,11.660,11.290,11.700,11.590,11.420,11.710,11.640,11.630,11.500,11.670,11.690,11.850,11.670,11.860,11.730,11.590,11.670,11.980,11.910,11.730,11.800,11.910,11.810,11.130,11.820,12.010,12.010,11.920,11.840,11.840,11.750,12.000,12.090,11.820,11.820,11.910,11.820,11.820,11.700,12.000,11.910,12.000,11.910,12.000,11.860,12.000,12.000,11.910,11.900,11.900,11.880,11.970,11.700,12.100,11.640,11.790,11.800,11.640,11.600,12.190,12.150,12.100,11.680,11.360,12.170,11.540,11.990,11.800,11.540,11.720,11.720,11.710,11.720,11.730,11.710,10.920,11.850,11.710,11.860,11.640,12.080,11.960,11.890,11.830,11.940,11.850,11.840,12.020,11.950,11.930,11.760,11.860,11.980,11.860,11.840,11.880,11.820,11.740,11.810,11.720,11.810,11.960,11.760,11.860,11.770,11.750,11.620,11.620,11.620,11.940,11.680,11.590,11.630,11.630,11.610,11.880,11.880,11.700,11.550,11.610,11.410,11.880,11.650,11.850,11.580,11.650,11.680,11.660,11.570,11.820,11.410,11.880,11.750,12.020,11.730,12.020,11.800,11.790,11.730,11.730,11.520,11.780,11.710,12.030,11.670,11.790,11.150,11.700,11.650,11.650,11.890,11.700,11.750,11.620,11.620,11.620,11.880,12.010,11.680,11.390,11.620,11.620,11.620,11.680,11.58,11.64,11.49,11.49,11.49,11.31,11.64,11.57,11.39,11.53,11.49,11.39,11.39,11.54,11.49,11.64,11.7,11.49,11.54,11.62,11.62,11.62,11.62,11.85,11.69,11.81,11.71,11.81,11.81,11.63,11.56,11.56,11.79,11.56,11.61,11.56,11.56,11.72,11.79,11.72,11.65,11.72
13,Minyak Goreng Curah,18.790,18.350,18.430,18.760,18.760,18.670,18.670,18.870,18.260,18.130,17.750,17.810,17.980,17.280,17.810,17.780,17.870,17.890,18.140,18.280,17.860,18.570,17.930,17.910,17.300,17.220,17.330,17.130,17.120,17.610,18.200,17.420,17.980,17.820,18.090,17.810,17.900,18.290,17.820,18.090,-,-,-,-,-,-,-,-,-,-,-,-,-,-,-,-,-,-,-,-,-,-,-,-,-,-,-,-,-,-,-,-,-,-,16.650,16.580,16.160,16.220,16.820,16.490,16.090,16.190,16.380,16.010,16.170,15.820,15.950,16.330,16.120,16.350,16.160,16.060,16.060,16.160,-,16.060,15.930,15.090,15.530,15.500,15.410,15.350,15.430,15.500,15.510,15.460,15.430,15.430,15.960,15.540,15.420,15.330,15.420,15.330,15.270,15.350,15.270,14.960,15.270,15.300,15.270,15.270,15.270,15.850,15.270,15.190,15.190,15.230,15.190,15.190,15.020,15.180,14.950,15.250,14.960,14.860,14.770,14.870,14.940,14.950,14.870,14.860,15.030,14.940,14.860,14.860,14.840,14.770,14.670,14.610,14.690,14.610,14.690,14.780,14.670,14.700,14.610,15.060,14.690,14.640,14.610,14.610,14.490,14.450,14.530,14.530,14.490,14.490,14.360,14.300,14.410,14.720,14.140,14.380,14.240,14.290,14.420,14.380,14.440,14.440,14.490,14.390,14.440,14.540,14.340,14.270,14.270,14.270,14.270,14.430,14.390,14.220,14.240,14.350,14.170,14.430,14.190,14.200,14.290,14.390,14.370,14.300,14.420,14.470,14.160,14.370,14.340,14.380,14.470,14.610,14.610,14.380,14.380,14.380,14.380,14.380,14.470,14.420,14.380,14.460,14.380,14.380,14.380,14.420,14.460,14.380,14.420,14.420,14.330,14.400,14.530,14.700,14.380,14.470,14.430,14.380,14.520,14.700,14.680,14.110,14.400,14.370,14.530,14.380,14.590,14.470,14.380,14.690,14.700,14.670,14.650,14.710,14.650,14.410,14.730,14.680,14.720,14.660,14.830,14.740,14.680,14.590,14.650,14.680,14.690,14.740,14.680,14.630,14.550,14.580,14.790,14.660,14.740,14.950,14.970,15.000,14.960,15.090,15.050,15.050,15.050,15.050,15.090,15.000,15.210,15.180,15.150,15.260,15.180,15.180,15.390,15.250,15.200,15.420,15.380,15.250,15.360,15.290,15.420,15.420,15.200,15.320,15.210,15.120,15.050,15.050,14.970,15.150,14.880,14.970,14.980,15.090,14.980,15.050,14.810,14.930,14.940,14.940,15.030,14.950,14.940,15.080,15.210,14.970,14.870,14.900,14.890,14.870,14.970,15.050,14.850,14.780,14.740,14.750,14.800,14.650,14.640,14.620,14.640,14.750,14.750,14.730,14.75,15.16,14.73,14.73,14.73,14.73,14.71,14.73,14.81,14.81,14.81,15.14,14.73,14.7,15.16,14.79,14.77,14.73,14.7,14.73,14.73,14.8,14.73,14.8,14.8,14.88,14.7,14.88,14.79,14.09,14.69,14.77,14.69,14.77,14.66,14.6,14.6,14.75,14.69,14.75,14.69,14.66
14,Jagung Tk Peternak,-,-,-,-,-,-,-,-,-,-,-,-,-,-,-,-,-,-,-,5.860,5.100,5.510,5.510,5.510,5.520,6.150,5.980,5.530,5.960,5.430,5.170,6.150,5.410,5.340,5.630,5.660,5.520,5.410,6.150,5.170,-,-,-,-,-,-,-,-,-,-,-,-,-,-,-,-,-,-,-,-,-,-,-,-,-,-,-,-,-,-,-,-,-,-,5.410,5.430,5.990,4.930,5.750,6.230,5.520,6.170,5.620,5.980,5.230,6.350,5.520,6.170,5.650,6.350,5.840,5.520,6.050,6.080,-,6.170,5.740,5.790,6.300,5.580,5.390,5.560,5.650,5.560,5.620,5.490,5.720,5.720,5.900,5.900,5.900,5.700,5.620,5.900,5.900,5.900,6.120,5.960,5.960,6.140,6.120,6.120,6.120,6.310,6.380,6.380,6.380,6.380,6.450,6.380,6.240,6.430,5.950,6.190,6.310,5.810,5.950,6.310,6.190,6.310,6.310,6.190,6.150,6.190,6.190,6.310,6.260,6.310,6.220,6.550,6.420,6.630,6.630,6.550,6.530,6.550,6.570,6.570,6.700,6.840,6.550,6.420,6.840,6.420,6.420,6.550,6.690,6.690,6.220,6.420,6.420,6.400,6.220,6.420,6.940,6.080,7.040,6.570,6.590,6.590,6.590,7.430,6.340,6.430,6.850,6.670,6.670,6.670,6.670,6.650,6.670,6.190,6.670,6.670,6.670,6.650,6.190,6.670,6.670,6.670,6.190,7.170,6.670,6.650,6.480,6.190,6.670,6.670,6.600,6.960,6.960,6.520,6.520,6.670,6.520,6.520,6.960,6.190,6.520,6.190,6.600,6.600,6.690,6.300,6.300,6.770,6.770,6.450,6.450,6.280,7.300,6.800,6.900,6.900,6.900,6.900,7.140,6.990,6.610,6.900,6.900,6.750,7.300,6.770,7.300,6.900,7.020,7.020,7.020,7.240,7.430,7.020,7.240,9.000,7.240,7.240,7.240,7.300,7.640,6.900,7.280,7.020,7.020,7.280,7.280,7.640,7.280,7.020,6.940,6.850,7.420,7.110,6.850,6.850,6.800,6.620,6.710,6.980,6.860,6.740,6.810,6.820,6.740,6.810,6.740,6.730,6.730,6.880,6.760,6.740,6.890,6.820,6.890,7.090,7.090,6.890,6.820,7.010,6.910,7.170,6.950,6.790,6.890,7.010,6.950,6.950,7.170,7.170,6.840,7.130,6.950,7.360,6.920,7.130,6.870,7.010,6.960,7.010,6.870,6.890,7.050,7.210,6.990,7.050,7.050,6.990,7.050,7.000,7.180,7.060,6.750,6.940,6.940,6.950,7.180,6.850,6.790,6.950,6.950,6.880,6.880,6.790,6.88,7.08,6.88,6.88,6.94,6.88,7.16,6.95,6.95,6.95,6.95,6.95,6.95,6.86,6.6,7.16,7.0,7.02,6.82,6.92,6.92,6.95,6.95,7.03,7.01,7.23,6.92,7.15,7.15,6.84,6.87,7.31,7.36,7.43,7.38,7.43,7.35,7.38,7.39,7.43,7.39,7.34
15,Ikan Kembung,-,-,-,-,-,-,-,-,-,-,-,-,-,-,-,-,-,-,-,-,-,-,-,-,-,-,-,-,-,-,-,-,-,-,-,-,-,-,-,-,-,-,-,-,-,-,-,-,-,-,-,-,-,-,-,-,-,-,-,-,-,-,-,-,-,-,-,-,-,-,-,-,-,-,-,-,-,-,-,-,-,-,-,-,-,-,-,-,-,-,-,-,-,-,-,-,-,-,-,-,-,-,-,-,-,-,-,-,-,-,-,-,-,-,-,-,-,-,-,-,-,-,-,-,-,-,-,-,-,-,-,-,-,-,-,-,-,-,-,-,-,-,-,-,-,-,-,-,-,-,-,-,-,-,-,-,-,-,-,-,-,-,-,-,-,-,-,-,-,-,-,-,-,-,-,-,-,-,-,-,-,-,-,-,-,-,-,-,-,-,-,-,-,-,-,-,-,-,-,-,-,-,-,-,-,-,-,-,-,-,-,-,-,-,-,-,-,-,-,-,-,-,-,-,-,-,-,-,-,-,-,-,-,-,-,-,-,-,-,-,-,-,-,-,-,-,-,-,-,35.980,37.780,38.950,38.700,35.500,39.030,38.620,38.830,37.030,38.440,38.950,38.720,38.530,38.760,38.970,39.190,39.420,40.040,40.330,40.340,39.940,39.770,39.370,39.770,40.320,40.900,39.940,39.820,40.490,40.030,40.120,40.510,40.040,40.150,40.220,39.740,39.990,40.500,40.490,41.210,40.940,40.860,40.890,40.950,41.210,41.570,41.600,33.750,41.360,41.490,41.220,41.110,41.070,40.940,41.340,40.940,40.380,41.400,41.320,41.180,40.800,40.440,41.640,40.860,40.860,41.160,41.490,40.760,41.350,41.340,41.820,42.720,42.520,41.710,43.140,42.670,42.670,42.530,42.210,42.600,43.170,42.110,42.520,42.630,43.620,42.630,43.570,42.950,43.220,43.870,43.600,43.870,35.640,43.77,43.84,43.5,43.67,43.86,43.77,43.62,43.92,44.18,44.0,43.65,43.52,44.12,44.16,43.03,44.35,44.64,43.98,44.5,43.98,43.52,43.43,42.89,43.55,42.4,43.2,43.01,43.73,43.38,43.3,42.91,42.53,42.87,42.87,43.21,43.03,42.94,42.83,42.59,43.98,43.18,43.49
16,Ikan Tongkol,-,-,-,-,-,-,-,-,-,-,-,-,-,-,-,-,-,-,-,-,-,-,-,-,-,-,-,-,-,-,-,-,-,-,-,-,-,-,-,-,-,-,-,-,-,-,-,-,-,-,-,-,-,-,-,-,-,-,-,-,-,-,-,-,-,-,-,-,-,-,-,-,-,-,-,-,-,-,-,-,-,-,-,-,-,-,-,-,-,-,-,-,-,-,-,-,-,-,-,-,-,-,-,-,-,-,-,-,-,-,-,-,-,-,-,-,-,-,-,-,-,-,-,-,-,-,-,-,-,-,-,-,-,-,-,-,-,-,-,-,-,-,-,-,-,-,-,-,-,-,-,-,-,-,-,-,-,-,-,-,-,-,-,-,-,-,-,-,-,-,-,-,-,-,-,-,-,-,-,-,-,-,-,-,-,-,-,-,-,-,-,-,-,-,-,-,-,-,-,-,-,-,-,-,-,-,-,-,-,-,-,-,-,-,-,-,-,-,-,-,-,-,-,-,-,-,-,-,-,-,-,-,-,-,-,-,-,-,-,-,-,-,-,-,-,-,-,-,-,-,37.190,38.300,36.690,40.000,39.010,37.950,38.160,36.120,37.430,37.400,37.520,37.100,36.680,37.010,37.130,36.480,37.940,38.050,38.240,37.700,37.370,37.330,38.010,38.100,38.640,38.290,38.240,38.410,37.910,38.140,38.350,37.650,38.220,38.550,38.210,38.510,39.340,38.200,38.700,38.210,38.520,38.870,38.550,38.080,38.410,39.280,38.630,39.160,39.560,38.530,39.570,39.050,39.060,39.140,38.460,38.510,39.390,37.890,39.080,38.170,38.330,39.850,38.350,38.170,38.830,38.770,39.350,39.280,39.780,39.360,39.350,38.870,39.820,39.920,39.490,39.490,39.470,39.130,39.540,40.240,37.130,39.220,39.290,39.570,38.840,39.030,39.520,39.990,39.840,40.110,39.860,39.370,40.34,39.14,39.9,39.94,40.12,39.77,38.41,40.09,40.08,40.26,40.26,39.81,39.59,31.78,39.68,39.9,40.53,40.25,40.81,40.9,40.0,40.21,39.8,40.15,38.87,38.41,39.55,38.82,39.03,38.49,38.64,38.51,38.34,38.48,37.99,38.24,39.09,37.77,38.45,39.1,39.91,40.29
17,Ikan Bandeng,-,-,-,-,-,-,-,-,-,-,-,-,-,-,-,-,-,-,-,-,-,-,-,-,-,-,-,-,-,-,-,-,-,-,-,-,-,-,-,-,-,-,-,-,-,-,-,-,-,-,-,-,-,-,-,-,-,-,-,-,-,-,-,-,-,-,-,-,-,-,-,-,-,-,-,-,-,-,-,-,-,-,-,-,-,-,-,-,-,-,-,-,-,-,-,-,-,-,-,-,-,-,-,-,-,-,-,-,-,-,-,-,-,-,-,-,-,-,-,-,-,-,-,-,-,-,-,-,-,-,-,-,-,-,-,-,-,-,-,-,-,-,-,-,-,-,-,-,-,-,-,-,-,-,-,-,-,-,-,-,-,-,-,-,-,-,-,-,-,-,-,-,-,-,-,-,-,-,-,-,-,-,-,-,-,-,-,-,-,-,-,-,-,-,-,-,-,-,-,-,-,-,-,-,-,-,-,-,-,-,-,-,-,-,-,-,-,-,-,-,-,-,-,-,-,-,-,-,-,-,-,-,-,-,-,-,-,-,-,-,-,-,-,-,-,-,-,-,-,-,37.580,39.970,40.880,-,43.120,41.730,42.570,37.610,44.220,44.980,43.930,43.080,46.490,45.320,43.370,45.320,42.490,46.100,44.240,43.930,45.750,44.240,44.240,45.630,43.340,42.570,43.120,44.210,44.210,43.120,44.500,43.700,45.010,43.700,43.150,43.150,45.010,20.890,46.110,42.940,43.360,45.010,43.120,45.330,45.330,43.560,43.560,45.070,43.240,45.590,45.330,45.590,43.240,44.090,43.530,43.530,44.090,43.800,45.550,45.550,45.550,45.550,44.810,46.210,45.880,44.090,44.320,44.400,44.550,43.270,44.890,47.620,43.270,44.710,48.060,45.900,44.710,43.660,44.610,46.400,39.850,43.410,43.410,48.060,43.660,45.700,42.270,44.140,44.610,44.710,47.080,44.140,46.4,46.4,45.09,44.21,44.21,43.82,45.17,44.38,42.57,44.27,43.54,38.34,42.28,44.21,44.21,42.51,44.21,43.12,42.59,45.55,44.37,45.55,43.6,43.08,43.8,45.55,44.09,45.55,45.55,50.79,44.86,44.09,42.81,42.27,45.55,42.81,42.41,42.81,40.49,41.41,40.49,40.59
18,Garam Halus Beryodium,-,-,-,-,-,-,-,-,-,-,-,-,-,-,-,-,-,-,-,-,-,-,-,-,-,-,-,-,-,-,-,-,-,-,-,-,-,-,-,-,-,-,-,-,-,-,-,-,-,-,-,-,-,-,-,-,-,-,-,-,-,-,-,-,-,-,-,-,-,-,-,-,-,-,-,-,-,-,-,-,-,-,-,-,-,-,-,-,-,-,-,-,-,-,-,-,-,-,-,-,-,-,-,-,-,-,-,-,-,-,-,-,-,-,-,-,-,-,-,-,-,-,-,-,-,-,-,-,-,-,-,-,-,-,-,-,-,-,-,-,-,-,-,-,-,-,-,-,-,-,-,-,-,-,-,-,-,-,-,-,-,-,-,-,-,-,-,-,-,-,-,-,-,-,-,-,-,-,-,-,-,-,-,-,-,-,-,-,-,-,-,-,-,-,-,-,-,-,-,-,-,-,-,-,-,-,-,-,-,-,-,-,-,-,-,-,-,-,-,-,-,-,-,-,-,-,-,-,-,-,-,-,-,-,-,-,-,-,-,-,-,-,-,-,-,-,-,-,-,-,-,-,-,-,-,-,-,-,-,-,-,-,-,-,-,-,-,-,-,-,-,-,-,-,-,-,-,-,-,-,-,-,-,-,-,-,-,-,-,-,-,-,-,-,-,-,-,-,-,-,-,-,-,-,-,-,-,-,-,-,-,-,-,-,-,-,-,-,-,-,-,-,-,-,-,-,-,-,-,-,-,-,-,-,-,-,-,-,-,-,-,4.320,8.23,9.38,8.5,10.0,10.0,10.0,9.7,10.0,9.97,10.03,10.01,9.94,9.88,8.02,10.73,9.7,9.64,9.91,9.82,9.91,9.88,9.88,9.88,9.88,9.91,9.67,9.9,9.67,9.64,9.77,9.88,10.03,9.67,10.1,10.02,10.1,10.1,10.02,10.68,9.8,10.1,10.1
19,Tepung Terigu Kemasan (non-curah),-,-,-,-,-,-,-,-,-,-,-,-,-,-,-,-,-,-,-,-,-,-,-,-,-,-,-,-,-,-,-,-,-,-,-,-,-,-,-,-,-,-,-,-,-,-,-,-,-,-,-,-,-,-,-,-,-,-,-,-,-,-,-,-,-,-,-,-,-,-,-,-,-,-,-,-,-,-,-,-,-,-,-,-,-,-,-,-,-,-,-,-,-,-,-,-,-,-,-,-,-,-,-,-,-,-,-,-,-,-,-,-,-,-,-,-,-,-,-,-,-,-,-,-,-,-,-,-,-,-,-,-,-,-,-,-,-,-,-,-,-,-,-,-,-,-,-,-,-,-,-,-,-,-,-,-,-,-,-,-,-,-,-,-,-,-,-,-,-,-,-,-,-,-,-,-,-,-,-,-,-,-,-,-,-,-,-,-,-,-,-,-,-,-,-,-,-,-,-,-,-,-,-,-,-,-,-,-,-,-,-,-,-,-,-,-,-,-,-,-,-,-,-,-,-,-,-,-,-,-,-,-,-,-,-,-,-,-,-,-,-,-,-,-,-,-,-,-,-,-,-,-,-,-,-,-,-,-,-,-,-,-,-,-,-,-,-,-,-,-,-,-,-,-,-,-,-,-,-,-,-,-,-,-,-,-,-,-,-,-,-,-,-,-,-,-,-,-,-,-,-,-,-,-,-,-,-,-,-,-,-,-,-,-,-,-,-,-,-,-,-,-,-,-,-,-,-,-,-,-,-,-,-,-,-,-,-,-,-,-,-,-,14.27,14.3,14.26,14.26,14.26,14.26,14.48,14.02,14.31,14.48,14.48,14.52,14.52,14.53,14.59,14.48,14.58,14.51,14.53,14.61,14.61,14.61,14.61,14.61,14.61,14.57,14.67,14.57,14.57,14.63,14.61,14.61,14.61,14.61,14.57,14.59,14.61,14.57,14.46,14.44,14.48,14.57
